ID,Titulo,Autor,Editora,"Número de
Páginas",Quantidade,Classificação,Disciplina - Referência Básica,Disciplina - Referência Complementar,Sumário
1,"1966 - Oracle: SQL, PL/SQL e administração","MORELLI, Eduardo M. Terra","São Paulo: Érica, 2000",346,1,005.75 M842o,,TSI34A,
2,3D Studio MAX 3: fundamentos ,"PETERSON, Michael Todd ","Campus, 2000. x",541,4,006.68 P485t,,,
3,500 dicas e macetes para PC ,"VASCONCELOS, Laércio ","Makron, 1999. v. ",,1, 004.16 V331q,,,
4,A arte de escrever programas legíveis : técnicas simples e práticas para a elaboração de programas fáceis de serem lidos eentendidos ,"BOSWELL, Dustin ","Novatec, 2012",211,8,005.13 B747a,,"TSI34B, TSI33B, TSI32A",
5,A linguagem de programação C++,"STROUSTRUP, Bjarne ","3. ed. Porto Alegre: Bookman, 2000",823,1,005.133 S925l,,,
7,Adobe Photoshop 5 ,"MINK, Carlos; MAZZETTI, Gerardo ","São Paulo, 1999",246,1,006.6869 M665a,,,
8,Advances in artificial intelligence: 13th Brazilian Symposium on Artificial Intelligence,"BORGES, Díbio L.; KAESTNER, Celso Antônio Alves","Curitiba, Brazil, October 23-25, 1996",241,6,AN 006.3 A244a,,,
9,Ajax com jQuery: requisições Ajax com a simplicidade de jQuery ,"SILVA, Maurício Samy ","Novatec, 2009",327,12,005.133 S586a,TSI32C,TSI34C,
10,Ajax em ação ,"CRANE, Dave ","Pearson Prentice Hall, 2007",452,7,005.133 C891a,,,
11,"Ajax, rich internet aplications e desenvolvimento web para programadores","DEITEL, Paul J.; DEITEL, Harvey M.","São Paulo: Pearson Prentice Hall, 2008. xxiv",747,3,005.133 D325a,"TSI34B, TSI34C",TSI32C,
12,Algoritmos e lógica de programação,"SOUZA, Marco Antonio de; GOMES, Marcelo Marques; SOARES, Marcio Vieira; CONCILIO, Ricardo","São Paulo: Thomson, Cengage Learning, 2006",212,12,005.1 A394a,TSI31B,,
14,Algoritmos: fundamento e prática ,"ARAÚJO, Everton Coimbra de ","Visual Books, 2007",414,17,005.113 A663a,TSI31B,,
15,Algoritmos: teoria e prática,"CORMEN, Thomas H","Rio de Janeiro, RJ: Elsevier, 2012",926,3,005.1 A396a,TSI32B,,
16,An introduction to parallel programming ,"PACHECO, Peter S ","Morgan Kaufmann, c2011. xix",370,7,005.275 P116i,,,
17,Análise e projeto de sistemas de informação orientados a objetos ,"WAZLAWICK, Raul Sidnei ","Elsevier, 2011",330,8,005.117 W359a,,"TSI34D, TSI36C, TSI33F",
18,Analog interfacing to embedded microprocessors: real world design ,"BALL, Stuart R ","Newnes, 2004. xi",322,2,004.61 B187a,,,
19,Android cookbook ,"DARWIN, Ian F ","Novatec, 2012",668,5,005.26 D228a,TSI35B,,
20,API design for C++ ,"REDDY, Martin ",  ,,2,005.133 R313a,,,
21,"Aplicações móveis: arquitetura, projeto e desenvolvimento ","LEE, Valentino; SCHNEIDER, Heather; SCHELL, Robbie ","PearsonEducation do Brasil, 2005. xviii",328,7,004.2 L481a,TSI35B,,
22,Aprendendo Active Server Pages 3 ,"CHASE, Nicholas ","Makron Books do Brasil, c2000",406,1,005.369 C487a,,,
24,Aprendendo Cocoa com objetive-C: desenvolvendo para Mac e iOS App Stores ,"BUTTFIELD-ADDISON, Paris; MANNING, Jonathon ","Novatec, 2013",364,5,005.265 A226a,,,
25,Aprendendo JavaScript ,"POWERS, Shelley ","Novatec, Califórnia, USA: O'Reilly, 2010",407,7,005.133 P887j,,"TSI34C, TSI32C",
26,Aprendendo SQL ,"BEAULIEU, Alan ","Novatec, 2010",365,3,005.133 B377a,"TSI33A, ","TSI34A, TSI31D",
27,Arquitetura de computadores pessoais ,"WEBER, Raul Fernando ","Sagra Luzzatto, 2000-2001",271,1,004.22 W375a,,,
28,Arquitetura de computadores: de microprocessadores a supercomputadores ,"PARHAMI, Behrooz ","McGraw-Hill, 2008",560,5,004.22 P229a,TSI31D,,
29,Arquitetura e organização de computadores,"STALLINGS, William","São Paulo, SP: Prentice-Hall, 2010",624,9,004.22 S782a,,,
32,Banco de dados: projeto e implementação ,"MACHADO, Felipe Nery Rodrigues ","Érica, 2008",398,5,005.74 M149b,"TSI34A, TSI33A",,
33,BrOffice da teoria à prática,"COSTA, Edgard Alves ","Rio de Janeiro, RJ: Brasport, 2007. viii",192,3,005.3 C837b,,,
34,"C, completo e total","SCHILDT, Herbert","São Paulo, SP: Makron, c1997. xv",827,23,005.133 S334,,,
35,C# como programar,"DEITEL, Harvey M.; DEITEL, Paul J.","São Paulo: Makron Books, 2003. xliii",1153,3,005.133 D325c,,"TSI34B, TSI33B",
36,C++ absoluto ,"SAVITCH, Walter J ","Addison Wesley, 2004. ix",612,2,005.133 S267a,,,
246,Ciência da Computação,"Brookshear, J. Glenn","Porto Alegre. Bookman, 2013",561,12,004 B873c,,,
241,Complexidade de Algoritmos,"TOSCANI, Laira Viera","Porto Alegre, Bookman, 2012",262,7,005.113 T713c,,,
37,Computação evolucionária em problemas de engenharia,"LOPES, Heitor Silvério; TAKAHASHI, Ricardo H. C. (Ed.).","Curitiba, PR: Omnipax, 2011",385,1,006.3 C738c,,,
38,Computer networks: a systems approach ,"PETERSON, Larry L; DAVIE, Bruce S ","Elsevier, c2012. xxxi",884,2,004.6 P485c,,,
39,Conceitos de linguagens de programação ,"SEBESTA, Robert W ","Bookman, 2003",638,5,005.13 S443c,,TSI31B,
40,Construindo aplicações web com PHP e MySQL ,"MILANI, André ","Novatec, c2010",336,12,005.133 M637c,TSI33C,,
41,Construindo aplicativos móveis com C# ,"SHACKLES, Greg; SANTOS, Luis Euclides ","Novatec, 2012",200,3,005.133 S524c,TSI35B,,
42,Construindo aplicativos móveis com Java,"MARINACCI, Joshua; SANTOS, Luis Euclides.","São Paulo: Novatec, 2012",103,7,005.133 M337c,,TSI35B,
43,Construindo sites com CSS e (X)HTML: sites controlados por folhas de estilo em cascata ,"SILVA, Maurício Samy ","Novatec, 2008",446,10,005.133 S586co,,,
44,Core Java,"HORSTMANN, Cay S.; CORNELL, Gary","São Paulo: Pearson, c2010. xiii, v.",,7,005.133 H819c,"TSI34B, TSI33B, TSI32A",,
45,Core Python programming ,"CHUN, Wesley ","Prentice Hall, 2007. xxxvii",1099,3,005.133 C559c,,"TSI34B, TSI34C, TSI33B",
240,Criando Sites com HTML,Mauricio Samy Silva,"São Paulo, SP : Novatec, 2008",431,7,005.133 S586c,,,
46,Criptografia e segurança de redes: princípios e práticas ,"STALLINGS, William ","Pearson Prentice Hall, 2008. xvii",492,7,005.82 S782c,TSI35E,"TSI35B, TSI33E",
47,CSS avançado,"LEWIS, Joseph R.; MOSCOVITZ, Meitar.","São Paulo: Novatec, 2010",413,3,005.133 L673c,,"TSI34C, TSI31C",
48,CSS3: desenvolva aplicações web profissionais com uso dos poderosos recursos de estilização das CSS3 ,"SILVA, Maurício Samy ","Novatec, 2012",489,7,004.678 S586c,,"TSI34C, TSI31C",
49,CUDA by example: an introduction to general-purpose GPU programming ,"SANDERS, Jason; KANDROT, Edward ","Addison-Wesley, 2011. xix",290,2,005.2 S215c,,,
50,Data warehouse ,"OLIVEIRA, Wilson José de ","Visual Books, 2002",188,1,005.74 O48d,,TSI33A,
243,Date introdução a Sistemas de Bancos de Dados,"Date, C. J.","Rio de Jaineiro, RJ. Elsevier, 2004",865,5,005.74 D232i,,,
51,Delphi 5: cliente-servidor e internet ,"FERNANDES, André ","Book Express, 2000",231,1,005.369 F363d,,,
52,Delphi API's & sockets: a caixa preta das tecnologias ,"CAMARA, Fábio; NOVAES, Hugo ","Visual Books, 2000",224,1,005.369 C172de,,,
53,Delphi for Windows 95 and Windows NT: developer's guide ,BORLAND,"Scotts Valley: Borland International, c 1997 ",,1,005.133 B735b,,,
54,Descobrindo o Linux: entenda o sistema operacional GNU/Linux ,"MOTA FILHO, João Eriberto ","Novatec, 2012",924,5,005.43 M917d,TSI32F,TSI32E,
55,Desenvolvendo aplicações com UML 2.2: do conceitual à implementação,"MELO, Cristina Ana ","Rio de Janeiro: Brasport, 2010",320,2,005.117 M528d,,,
56,Desenvolvendo aplicativos com Visual Basic e UML,"REED, Paul R","São Paulo: Makron Books do Brasil, 2000",462,4,005.17 R323d,,,
57,Desenvolvendo websites com PHP ,"NIEDERAUER, Juliano ","Novatec, 2011",301,7,005.133 N666d,TSI33C,,
58,Desenvolvimento de grandes aplicações web ,"LOUDON, Kyle ","Novatec, 2010",325,3,004.67 L886d,,"TSI34C, TSI33C",
59,Desenvolvimento de software com scrum: aplicando métodos ágeis com sucesso,"COHN, Mike","Porto Alegre: Bookman, 2011",496,2,005.1 C678d 2011,,,
60,Designing embedded hardware ,"CATSOULIS, John ","O'Reilly, c2005. xvi",377,7,004.16 C367d,,,
61,Dicionário de informática & internet: inglês - português ,"SAWAYA, Márcia Regina ","Nobel, 1999",543,1,R 004.03,,,
62,"Do Fortran à Internet: no rastro da trilogia educação, pesquisa e desenvolvimento ","PACITTI, Tércio ","Makron, c2000",453,1,005.133 P118d,,,
63,Dominando PHP e MySQL: do iniciante ao profissional,"GILMORE, W. Jason","Rio de Janeiro, RJ: Alta Books, 2008",769,1,005.133 G488d,TSI33C,,
64,Elementos de programação em C,"PINHEIRO, Francisco A. C","Porto Alegre: Bookman, 2012. xx",528,7,005 P654e,,,
65,Embedded microcontrollers and processor design ,"OSBORN, Greg ","Prentice-Hall, c2010. xx",431,1,004.16 O81e,,,
66,Embedded system design ,"MARWEDEL, Peter ","Kluwer Academic, 2006. xvii",241,2,004.21 M298e,,,
67,"Embedded systems design: an introduction to processes, tools, and techniques ","BERGER, Arnold ","CMP Books, c2002. xxviii",237,2,005.43 B496e,,,
68,Embedded systems: world class designs ,"GANSSLE, Jack ","Newnes/Elsevier, c2008. xviii",563,2,005.43 E53,,,
69,Engenharia de software,"SOMMERVILLE, Ian","São Paulo: Pearson Addison-Wesley, 2003. xiv",592,1,005.1 S697e,"TSI34D, TSI35D, TSI36B, TSI36C, TSI33D","TSI34D, TSI36B, TSI36C,",
70,Engenharia de software,"PRESSMAN, Roger S","São Paulo, SP: Makron, c1995",1056,1,005.1 P935e,,"TSI36B, TSI36C, TSI33D",
244,Engenharia de Software,"HIRAMA, Kechi","Rio de Janeiro, RJ. Elsevier, 2011",210,7,005.1 H668e,,,
71,Engenharia de software na prática,"ENGHOLM JÚNIOR, Hélio","São Paulo, SP: Novatec, 2010",438,7,005.1 E57e,TSI36B,"TSI34B, TSI34D, TSI36C, TSI33B, TSI33D",
72,Entendendo e dominando o hardware: técnicas avançadas para montagem e manutenção de PCs ,"LACERDA, Ivan Max Freire ","Digerati Books, 2007",238,2,004.7 L131e,,TSI31D,
73,Enterprise JavaBeans 3 ,"BURKE, Bill; MONSON-HAEFEL, Richard ","Pearson Prentice Hall, 2007. xvii",538,3,005.133 B959e,TSI34C,,
74,Estrutura de dados e algoritmos em C++ ,"DROZDEK, Adam ","Cengage Learning, c2002. xviii",579,7,005.73 D793e,,,
75,Estrutura de dados fundamentais: conceitos e aplicações,"PEREIRA, Silvio do Lago","São Paulo: Érica, 2008",264,5,005.73 P436e,,TSI32B,
76,Estruturas de dados e algoritmos: padrões de projetos orientados a objetos com Java ,"PREISS, Bruno R ","Campus, c2001. xvi",566,7,005.73 P924e,TSI32B,"TSI34B, TSI35D, TSI33B",
77,Estruturas de dados usando C,"TENENBAUM, Aaron M.; LANGSAM, Yedidyah; AUGENSTEIN, Moshe","São Paulo, SP: Pearson Makron Books, c1995. xx",884,9,005.73 T292e,,TSI32B,
78,Estudo dirigido de informática básica,"MANZANO, André Luiz N. G.; MANZANO, Maria Izabel N.G.","São Paulo: Érica, 2007",250,5,004.07 M296e,,TSI31E,
79,Estudo dirigido de linguagem C,"MANZANO, José Augusto N. G","São Paulo: Érica, 2007. 214 p.",214,5,005.133 M296l,,,
80,Excel para engenheiros: incluindo VBA ,"GÓMEZ, Luis Alberto ","Visual Books, 2009",222,4,005.36 G633e,,,
81,Expressões regulares: uma abordagem divertida ,"JARGAS, Aurélio Marinho ","Novatec, 2012.",223,5,005.115 J37e,,"TSI34A, TSI34C, TSI35A, TSI35E, TSI33A, TSI32F",
82,Faça um site HTML 4.0: orientado por projeto,"OLIVIERO, Carlos A. J","São Paulo: Érica, 2002",198,1,005.133 O49f,,,
83,Flash 4: animação na Web,"MILBURN, Ken; CROTEAU, John T.","São Paulo: Makron Books, 2000",377,1,006.696 M638f,,,
84,Flash 8: criando além da animação ,"MANZI, Fabrício ","Érica, 2005",444,1,006.66 M296f,,,
85,"Fundamentals of neural networks: architectures,algorithms, and applications ","FAUSETT, Laurene V ","Prentice-Hall, c1994",461,7,006.3 F267f,,,
86,Fundamentos da ciência da computação,"FOROUZAN, Behrouz A.; MOSHARRAF, Firouz","São Paulo, SP: Cengage Learning, 2012.",560,8,004 F727f,,"TSI31E, TSI31D, TSI35E, TSI35F, TSI33A, TSI32D, TSI32E, TSI33E",
87,"Fundamentos da programação de computadores: algoritmos, Pascal, C/C ++ e Java","ASCENCIO, Ana Fernanda Gomes; CAMPOS, Edilene Aparecida Veneruchi de","São Paulo: Prentice-Hall, c2008",434,8,005.1 A811f 2,,"TSI33B, TSI31B",
88,Fundamentos de arquitetura de computadores ,"WEBER, Raul Fernando ","Bookman, 2012",400,5,004.22 W375f,,,
89,Fundamentos de computação e orientação a objetos usando Java,"PINHEIRO, Francisco A. C.","Rio de Janeiro, RJ: 2006",465,5,005.133 P654f,,"TSI34B, TSI33B",
90,Fundamentos de PHP ,"MELONI, Julie C ","Ciência Moderna, 2000. xi",352,1,005.133 M528f,,TSI33C,
91,Fundamentos matemáticos para a ciência da computação: um tratamento moderno de matemática discreta ,"GERSTING, Judith L ","LTC, 2004. xiv",597,5,004.0151 G383fu,,TSI31E,
92,Gerência de projetos de software: técnicas e ferramentas ,"QUADROS, Moacir ",  ,,1,004.21 Q1g,,,
93,Google Android: aprenda a criar aplicações para dispositivos móveis com o Android SDK ,"LECHETA, Ricardo R ","Novatec, 2013",821,5,005.26 L459g,,,
94,Hardware: o guia definitivo ,"MORIMOTO, Carlos E ","Sul Editores, 2007",847,5,004.7 M854h,,TSI31D,
95,HTML 4 & CSS 2: Manual completo,"CARVALHO, Alan ","Rio de Janeiro, RJ: Book Express, c2000",335,1,005.133 C331h,,,
96,HTML 5: a linguagem de marcação que revolucionou a Web ,"SILVA, Maurício Samy ","Novatec, 2011",320,7,005.133 S586h,,"TSI34C, TSI31C",
245,Informática Novas Aplicações com MicroComputadores,"MEIRELLES, Fernando de Souza","São Paulo, SP. Makron, 1994",615,1,004 M514p,,,
97,Informática: conceitos e aplicações ,"MARÇULA, Marcelo; BENINI FILHO, Pio Armando ","Érica, 2008",406,2,004 M322i,,TSI31E,
98,"Informática terminologia básica: Windows XP, Word XP, Excel XP","SILVA, Mário Gomes da ","Érica, 2003",294,1,005 S586i,,,
99,Inteligência artificial em controle e automação ,"NASCIMENTO JÚNIOR, Cairo Lúcio; YONEYAMA, Takashi ","Edgard Blucher,FAPESP, 2000",218,7,006.3 N244i,,,
100,Inteligência artificial: noções gerais ,"FERNANDES, Anita Maria da Rocha ","Visual Books, 2003",160,7,006.3 F363i,,,
101,Interação humano-computador ,"BARBOSA, Simone Diniz Junqueira ","Elsevier, 2010",384,3,004.019 B238i,TSI33F,TSI34C,
102,InterBase server: for windows 95 & windows NT: getting started,BORLAND ,"USA: Borland International, 1995 ",,1,004.65 B735b,,,
103,Interdisciplinaridade na prática: a disciplina de informática na formação do técnico em agropécuária frente aos arranjos produtivos locais ,"FREITAS JÚNIOR, Vanderlei ","Opção, 2011",88,1,004.07 F866i,,,
104,Interligação de redes com TCP/IP ,"COMER,Douglas E ","Campus, c2006. 2 v",884,2,004.6 C732i,,TSI32F,
105,Introdução à ciência da computação com jogos: aprendendo a programar com entretenimento,"FEIJÓ, Bruno; CLUA, Esteban; SILVA, Flávio Soares Corrêa da","Rio de Janeiro, RJ: Elsevier, 2010",263,3,005.1 F297i,,,
106,Introdução à informática para concursos ,"BORGES, Roberto Cabral de Mello; MÓTTOLA, Paulo Renato de Carvalho ","Sagra-DCLuzzatto, 1994 ",80,2,004 B732i,,,
107,Introdução à organização de computadores ,"MONTEIRO, Mário A ","LTC, 2007",698,5,004.22 M775i,,,
108,Introdução à pesquisa operacional: métodos e modelos para análise de decisões ,"ANDRADE, Eduardo Leopoldino de ","LTC,c2004. xvi",204,8,003 A553i,,,
109,Introdução à programação com Python: algoritmos e lógica de programação para iniciantes ,"MENEZES, Nilo Ney Coutinho ","Novatec,2010",222,3,005.133 M543i,,,
110,Introdução à programação orientada a objetos com C++,"SILVA FILHO, Antonio Mendes da ","Elsevier, Campus, 2010",283,7,005.133 S586i,,,
111,Introdução à programação: algoritmos ,"BORATTI, Isaias Camilo; OLIVEIRA, Álvaro Borges de ","Visual Books, 2007",158,5,005.73 B726i,TSI31B,,
112,Introdução ao teste de software ,"DELAMARO, Márcio Eduardo; MALDONADO, José Carlos; JINO, Mario ","Elsevier, 2007",394,3,005.14 D336i,TSI36C,,
113,Json  do iniciante ao profissional,"GILMORE, W ","Rio de Janeiro, RJ: Alta Books, 2008",769,1,005.133 G488d,,TSI33A,
114,Java: como programar,"DEITEL, Paul J.; DEITEL, Harvey M","8. ed. São Paulo: Pearson Education do Brasil, 2010. xxix",1144,7,005.133 D325j,"TSI34C, TSI33B, TSI32A, TSI32B","TSI35B, TSI33C",
115,JavaScript de alto desempenho ,"ZAKAS, Nicholas C ","Novatec, 2010",245,5,005.133 Z21j,,TSI32C,
116,JavaScript: guia do programador ,"SILVA, Maurício Samy ","Novatec, 2010.",604,7,005.133 S586js,TSI32C,,
117,jQuery cookbook ,Comunidade de desenvolvedores jQuery ,"Novatec, 2010",494,3,005.133 J89,,TSI34C,
118,"jQuery Mobile: desenvolva aplicações web para dispositivos móveis com HTLM5, CSS3, AJAX, JQuery e jQuery e jQueryUI ","SILVA, Maurício Samy ","Novatec, 2012",352,7,005.133 S586jm,TSI35B,"TSI34C, TSI32C",
119,jQuery UI: componentes de interface rica para suas aplicações web ,"SILVA, Maurício Samy ","Novatec, 2012",736,12,005.133 S586ju,TSI34C,TSI32C,
121,Jquery: a biblioteca do programador JavaScript ,"SILVA, Maurício Samy ","Novatec, c2010",543,9,005.133 S586jq,TSI32C,TSI34C,
122,Laboratórios de tecnologias Cisco em infraestrutura de redes,"BRITO, Samuel Henrique Bucke","São Paulo, SP: Novatec, 2012",159,10,004.6068 B862L,,,
123,Learning android game programming: a hands-on guide to building your first android game ,"ROGERS, Rick ","Addison-Wesley, 2012",444,5,004.16 R728l,,TSI35B,
124,Linux: guia prático ,"MORIMOTO, Carlos E ","Sul Editores, 2010",719,5,005.43 M854l,,TSI32F,
125,Lógica de programação e estrutura de dados com aplicações em Java,"PUGA, Sandra; RISSETTI, Gerson","São Paulo: Pearson Prentice Hall, 2009",262,2,005.1 P978l 2,,,
126,Lógica de programação: a construção de algoritmos e estruturas de dados ,"FORBELLONE, André Luiz Villar; EBERSPÄCHER, Henri Frederico",São Paulo: Makron,218,10,005.1 F692L,,TSI32B,
127,Manual prático de redes: aprenda redes pela lado prático ,"VASCONCELOS, Laércio; VASCONCELOS, Marcelo ","Laércio Vasconcelos Computação, 2008",499,5,004.82 V331m,,TSI32D,
128,Matemática discreta para computação e informática ,"MENEZES, Paulo Blauth ","Bookman,2013",348,7,004.0151 M543m,TSI31E,,
129,Mechanical Desktop 4: guia prático,"LAZZURI, José Eduardo Cunha ","2. ed. São Paulo: Érica, 2002",216,1,006.693 L432m,,,
130,"Métodos de ordenação interna: implementação, análise edesempenho em Delphi ","OLIVEIRA, Álvaro Borges de; PRADA, Adriana; SILVA, Reginaldo Rubens da ","Bookstore, 2002",116,1,005.117 O48m,,,
131,Microsoft project 2010: gestão e desenvolvimento de projetos ,"BERNARDES, Maurício Moreira e Silva ","Érica, 2010",190,7,005.3 B522m,,TSI36B,
132,Microsoft Visual Basic 6 para principiantes ,"PIMENTEL, Hercules Gomes ","Axcel Books, 2000",489,1,005.133 P644mi,,,
133,Modelagem conceitual e projeto de bancos de dados,"COUGO, Paulo Sérgio","Rio de Janeiro: Campus, 1997",284,5,005.1 C854m,,"TSI34A, TSI33A",
134,Modelagem de objetos através da UML: the unified modeling language,"FURLAN, José Davi","São Paulo: Makron, 1998",329,1,005.1 F985m,"TSI34D, TSI33D",,
135,"Montagem e configuração de micros: construindo e configurando micros de 32 e 64 bits single core, dual core e quadcore: para usuário s e estudantes ","VASCONCELOS, Laércio ","Laércio Vasconcelos Computação Ltda, 2009",312,5,004.16 V331m,,TSI31D,
136,MySQL: a bíblia ,"SUEHRING, Steve ","Elsevier, c2002",674,5,005.13 S944m,,TSI33A,
137,Não me faça pensar: uma abordagem de bom senso à usabilidade na web ,"KRUG, Steve ","Alta Books, 2008",201,1,004.678 K94na,TSI33F,TSI34C,
138,Neural networks for pattern recognition ,"BISHOP, Christopher M ","Oxford University, 2002. xvii",482,2,006.3 B622n,,,
139,Notas para exame MCSE: NT Server 4 in the Enterprise ,"KING, Robert; GOVANUS, Gary ","Makron, 1999",338,1,005.4476 K54n,,,
140,Notas para exame MCSE: NT Workstation 4 ,"GOVANUS, Gary; KING, Robert ","Makron, 1999",280,1,005.4476 G721n,,,
141,O bit e o pêndulo: a nova física da informação ,"SIEGFRIED, Tom ","Campus, c2000",267,1,004 S571b,,,
142,O mercado de software no Brasil: problemas institucionais e fiscais,Conselho de Altos Estudos e Avaliação Tecnológica,"Brasília, 2007",149,2,005.1 C755m,,,
143,O processo unificado explicado ,"SCOTT, Kendall ","Bookman, 2003",160,2,005.1 S425p,,,
145,O projeto do projeto: da modelagem a implementação. ,"BROOKS JUNIOR, Frederick P","Rio de Janeiro, RJ: Elsevier, 2011",407,5,005.1 B873p,,"TSI36B, TSI36C, TSI33D",
146,"Objetos, abstração, estruturas de dados e projeto usando C++","KOFFMAN, Elliot B; WOLFGANG, Paul A. T.","Rio de Janeiro: LTC, 2008",689,7,005.117 K78o,,,
147,"Oracle 8: SQL, PL/SQL e administração","MORELLI, Eduardo M.Terra","São Paulo: Érica, 2000",346,1,005.75 M842o,,TSI33A,
148,Oracle 8i: dicas & técnicas ,"SCHERER, Douglas; GAYNOR JUNIOR, William; VALENTINSEN, Arlene; CURSETJEE, Xerxes ","Campus, 2000",518,1,005.75 O63o,,"TSI34A, TSI33A",
149,Organização básica de computadores e linguagem de montagem ,"PANNAIN, Ricardo; BEHRENS, Frank Herman; PIVA JÚNIOR, Dilermano ","Elsevier, 2012",408,12,004.16 P194o,TSI31D,TSI32E,
150,Organização estruturada de computadores ,"TANENBAUM, Andrew S ","Pearson Prentice Hall, c2007. xii",449,7,004.22 T164o,"TSI31D, TSI32E",,
151,Orientação a objetos na prática: aprendendo orientação a objetos com Java ,"CARDOSO, Caíque ","Ciência Moderna, c2006",175,5,005.133 C268o,,"TSI34B, TSI35D, TSI33B",
152,Padrões de design para aplicativos móveis ,"NEIL, Theresa ","Novatec, 2012",208,5,005.437 N398m,TSI35B,,
153,Padrões de projeto: soluções reutilizáveis de software orientado a objetos ,"GAMMA, Erich ","Bookman, 2000. xii",364,2,005.12 P124p,,,
154,PageMaker 5 for Windows: guia do usuário ,"MATTHEWS, Martin; MATTHEWS, Carole ","Makron, c1994. xxiv",570,1,005.3 M429p,,,
155,Parallel programming: for multicore and cluster systems ,"RAUBER, Thomas; RÜNGER, Gudula ","Springer,c2010. x",455,2,005.275 R239p,,,
156,Pattern recognition and neural networks ,"RIPLEY, Brian D ","Cambridge University Press, c1996. xi",403,2,006.4 R589p,,,
157,PHP para quem conhece PHP: recursos avançados para a criação de websites dinâmicos ,"NIEDERAUER, Juliano ","Novatec, 2008",527,1,004.678 N666p,TSI33C,,
158,PHP-GTK: criando aplicações aplicações gráficas com PHP ,"DALL'OGLIO, Pablo ","Novatec, 2012",400,3,005.133 D144p,TSI33C,,
159,PostgreSQL: guia do programador ,"MILANI, André ","Novatec, 2008",392,3,005.133 M637p,,"TSI34A, TSI33A",
160,"Practical Modern SCADA Protocols : DNP3, 60870 ","CLARKE, Gordon; REYNDERS, Deon; WRIGHT, Edwin ","Newnes, 2004. ix",537,2,004.66 C598p,,,
161,Practical SCADA for industry ,"BAILEY, David; WRIGHT, Edwin ","Newnes, 2003. xiv",288,2,004.66 B154p,,,
162,Princípios de análise e projeto de sistemas com UML ,"BEZERRA, Eduardo.","Elsevier, 2007",369,7,005.117 B574p,,TSI34D,
163,Professional C# programando ,"ROBINSON, Simon et al ","Makron Books, Pearson Education, c2004. xxx",1124,3,005.133 P964,,"TSI34B, TSI34C, TSI33B",
164,Professional visual basic: de programador para programador,"BARWELL, Fred ","São Paulo, 2004",925,3,005.133 B296p,,"TSI34B, TSI33B",
165,"Programação avançada em C++: 40 novos quebra-cabeças de engenharia, problemas de programação e soluções ","SUTTER, Herb ","Pearson Education do Brasil, 2006",289,3,005.133 S967p,,"TSI34B, TSI33B",
166,Programação em C para o DSPIC: fundamentos ,"SOUZA, Vitor Amadeu ","Ensino Profissional, 2008",215,2,005.133 S729p,,,
167,"Programação Java em ambiente distribuido: ênfase no mapeamento objeto-relacional com JPA, EJB e Hibernate ","MENDES, Douglas Rocha ","Novatec, 2011",495,7,005.133 M538p,TSI34B,"TSI34C, TSI35A",
168,Programação Java para a Web ,"LUCKOW, Décio Heinzelmann; MELO, Alexandre Altair de ","Novatec, 2010",638,5,005.133 L941p,TSI34C,TSI35A,
169,Programação orientada a objetos com java: uma introdução prática usando o BlueJ.,"BARNES, David J.; KÖLLING, Michael.","4. ed. São Paulo Pearson Prentice Hall, 2009. xxii",455,3,005.117 B261p,"TSI34B, TSI33B, TSI32A",,
170,Programação orientada a objetos em java ,"BORATTI, Isaias Camilo ","Visual Books, 2007",310,8,005.117 B727pj,,"TSI33B, TSI32B",
171,Programação orientada a objetos: usando Delphi ,"BORATTI, Isaias Camilo ","Visual Books, 2007",398,5,005.117 B727p,,,
172,Programação Shell Linux ,"NEVES, Julio Cezar ","Brasport, 2010",549,5,005.43 N511p,,"TSI32E, TSI32F",
173,Programando com C: simples & prático ,"COSTA, Eduard Montgomery Meira ","Alta Books, c2006",157,8,005.133 M787p,,,
174,Programming massively parallel processors: a hands-on approach ,"KIRK, David; HWU, Wen-mei ","Morgan Kaufmann, c2010.xviii",258,2,005.275 K59p,,,
175,Projeto de algoritmos: com implementações em Pascal e C,"ZIVIANI, Nivio","São Paulo: Cengage Learning, c2004",552,1,005.1 Z82pa,,,
176,Projeto de banco de dados com XML ,"GRAVES, Mark ","Pearson Education, 2003. xv",518,3,005.74 G776p,,"TSI34A, TSI33A",
177,Projeto de banco de dados: uma visão prática ,"MACHADO, Felipe Nery Rodrigues; ABREU, Maurício Pereira de ","Érica, c1996",298,5,005.74 M149p,"TSI34A, TSI33A",TSI34A,
242,Projeto de Bancos de Dados,"HEUSER, Carlos Alberto","Porto Alegre, Bookman, 2008",282,14,005.74 H595p,,,
178,Projeto e modelagem de bancos de dados,"TEOREY, Toby J.; LIGHTSTONE, Sam; NADEAU, Tom.","Rio de Janeiro, RJ: Elsevier: Campus, 2007 xvi",276,5,005.756 T314p,,"TSI34A, TSI33A",
179,Projetos virtualmente impossíveis: guia completo do desenvolvedor de software para sobreviver aos projetos virtualmente impossíveis,"YOURDON, Edward","São Paulo: Makron Books do Brasil, c1999",202,1,005.1 Y81p,,,
180,Publisher 97 ,"FRAGA, Simone ","Visual Books, c1997",168,1,006.68 F811p,,,
181,Python cookbook ,"BEAZLEY, David; JONES, Brian K ","Novatec, 2013",719,3,005.133 B386p,,,
182,Python e Django ,"SANTANA, Osvaldo; GALESI, Thiago ","Novatec, 2010",279,5,005.133 S232p,,,
183,Qualidade & teste de software,"INTHURN, Cândida","Florianópolis: Visual Books, Bookstore, 2001",108,1,005.1 I61q,,TSI36C,
184,Qualidade de software: teoria e prática ,"ROCHA, Ana Regina Cavalcanti da; MALDONADO, José Carlos; WEBER, Kival Chaves (Org)","Prentice-Hall, 2004",303,1,005.14 Q1qu,,TSI36C,
185,Real-time systems: design principles for distributed embedded applications ,"KOPETZ, Hermann ",Springer,376,2,004.33 K83r,,,
186,Recursos básicos com StarOffice ,"CANTO, Cleunisse Rauen De Luca ","Visual Books, 2000",284,1,005.3 C232r,,,
187,Redes de computadores ,"TANENBAUM, Andrew S ","Pearson, 2011. xvi",582,2,004.6 T164r,"TSI35E, TSI35F, TSI32D, TSI32F, TSI33E",,
188,Redes de computadores ,"CARISSIMI, Alexandre da Silva; ROCHOL, Juergen; GRANVILLE, Lisandro Zambenedetti ","Bookman,2009",391,5,004.62 C277r,"TSI32D, TSI32F, TSI33E",TSI35E,
189,Redes de computadores e a internet: uma abordagem top-down,"KUROSE, James F.; ROSS, Keith W.","5. ed. São Paulo, SP: Pearson Addison-Wesley, 2010. xxiii",614,9,004.6 K96re,"TSI35E, TSI32D, TSI32F, TSI33E",TSI35F,
190,Redes de computadores e comunicação de dados ,"WHITE, Curt M ","Cengage Learning, 2012. xvii",406,3,004.6 W583r,,"TSI35E, TSI35F, TSI33E",
191,"Redes industriais: aplicações em sistemas digitais de controle distribuído protocolos industriais, aplicações SCADA","ALBUQUERQUE, Pedro U. B. de","2. ed. São Paulo: Ensino Profissional, 2009",258,9,004.62 A345r,,,
192,Redes neurais artificiais: teoria eaplicações ,"BRAGA, Antônio de Pádua; CARVALHO, André Carlos Ponce de Leon Ferreira; LUDERMIR, Teresa Bernarda ","LTC, 2007",226,7,006.32 B813r,,,
193,Redes neurais: princípios e prática ,"HAYKIN, Simon ","Bookman, 2001",900,14,006.3 H419r,,,
194,"Redes sem fio: instalação, configuração e segurança: fundamentos ","MORAES, Alexandre Fernandes de ","Érica, c2010",284,5,005.8 M827r,,,
195,Relatórios fáceis com XML & xHTML/CSS: construindo relatórios com padrões web de forma descomplicada,"TISATTO, Rodrigo Maciel","Rio de Janeiro, RJ: Ciência Moderna, c2011. viii",289,5,005.133 W334u,,,
196,SciLab: uma abordagem prática e didática ,"LEITE, Mário ","Ciência Moderna, c2009. xxv",601,9,005.10981 L533s,,,
197,Segurança em redes sem fio: aprenda a proteger suas informações em ambientes Wi-fi e Bluetooth ,"RUFINO, Nelson Murilo de O ","Novatec, 2011",237,5,005.8 R926s,TSI35E,"TSI35B, TSI32D, TSI33E",
198,Servidores Linux: guia prático ,"MORIMOTO, Carlos E ","Sul Editores, c2008",735,3,005.43 M854s,,TSI32F,
199,Sinais e sistemas ,"GIROD, Bernd; RABENSTEIN, Rudolf; STENGER, Alexander (Autor) ","LTC, c2003. x ",340,2,003 G526s,,,
200,Sistema comercial integrado com Delphi 7: relatórios & ferramentas,"OLIVIERO, Carlos A. J","São Paulo: Érica, 2005",380,5,005.3 O49si,,,
203,Sistema de banco de dados,"SILBERSCHATZ, Abraham; KORTH, Henry F.; SUDARSHAN, S.","6. ed. Rio de Janeiro, RJ: Elsevier, 2012",861,10,005.74 S582s,"TSI34A, TSI33A","TSI34A, TSI33A",
205,Sistemas de banco de dados ,"ELMASRI, Ramez; NAVATHE, Shamkant B ","Pearson Addison-Wesley, c2011. xviii",788,5,005.75 E48s,,TSI33A,
206,Sistemas de redes para controle e automação ,"ALDABÓ, Ricardo ","Book Express, c2000",276,1,004.6 A357s,,,
207,Sistemas distribuídos: princípios e paradigmas,"TANENBAUM, Andrew S.; STEEN, Maarten van.","2. ed. São Paulo, SP: Pearson Prentice Hall, 2007",402,6,005.4476 T164s,,"TSI35E, TSI35F, TSI33E",
208,Sistemas operacionais,"DEITEL, Harvey M.; DEITEL, Paul J.; CHOFFNES, David R.","3. ed. São Paulo: Pearson, c2005",760,3,005.43 D325s,,TSI32E,
209,Sistemas operacionais ,"OLIVEIRA, Rômulo Silva de; CARISSIMI, Alexandre da Silva; TOSCANI, Simão Sirineo ","Bookman, 2010",374,5,005.43 O48s,TSI32E,,
210,Sistemas operacionais com Java ,"SILBERSCHATZ, Abraham; GALVIN, Peter Baer; GAGNE, Greg ","Elsevier, 2008",673,3,005.43 S582s,TSI32E,"TSI34B, TSI35B, TSI33B, TSI32F",
211,Sistemas operacionais modernos ,"TANENBAUM, Andrew S ","Pearson, c2008. xvi",654,7,005.43 T164s,,,
212,SOA: princípios do design de serviço ,"ERL, Thomas ","Pearson : Prentice Hall, c2008. x [ii]",320,3,004.65 E69s,,"TSI34C, TSI35A",
213,Software livre: potencialidades e modelos de negócio,"TAURION, Cezar","Rio de Janeiro, RJ: Brasport, 2004. xvi",260,2,005.1 T227s,,,
214,Software: soluções para organizar seu negócio ,"LAMBERT, Mauro ","Autêntica, c1998",77,1,004 L222s,,,
215,Sourcebook of parallel computing,"DONGARRA, J. J.","San Francisco, CA: Morgan Kaufmann Publishers, c2003. xvi",842,2,004.35 S724,,,
216,Switch-mode power supplies ,"BASSO, Christophe P ","McGraw-Hill Companies, 2008. xix",889,2,005.133 B322s,,,
217,TCP/IP illustrated ,"FALL, Kevin R ","Addison-Wesley, c2012",,7,004.62 F194t,,,
218,TCP/IP illustrated ,"STEVENS, W. Richard; WRIGHT, Gary R","Addison-Wesley, c1994",,9,004.62 S846t,,,
219,The art of multiprocessor programming ,"HERLIHY, Maurice; SHAVIT, Nir ","Elsevier Science, 2008",508,2,005.43 H549a,,,
220,Thinking in Java ,"ECKEL, Bruce ","Prentice-Hall, 2007",1482,7,005.133 E19t,,"TSI34B, TSI33B",
221,Treinamento prático em PHP 5 ,"MORAZ, Eduardo ","Digerati Books, 2005",191,1,005.133 M832t,,TSI33C,
222,UML 2: do requisito à solução,"LIMA, Adilson da Silva ","1. ed. São Paulo, SP: Érica, 2012",368,7,005.369 L732u,,,
223,UML 2: guia prático,"GUEDES, Gilleanes T. A.","São Paulo: Novatec, [2007]",173,5,005.117 G924ug,,"TSI34D, TSI33D",
224,UML 2: uma abordagem prática,"GUEDES, Gilleanes T. A.","2. ed. São Paulo, SP: Novatec, 2011",484,5,005.117 G924um,"TSI34D, TSI33D",,
225,UML 2.3: do requisito à solução,"LIMA, Adilson da Silva","São Paulo, SP: Érica, 2012",368,7,005.369 L732u,,,
226,Use a cabeça! Análise e projeto orientado ao objeto ,"MCLAUGHLIN, Brett; POLLICE, Gary; WEST, David ","Alta Books, c2007",442,2,005.117 M478u,,"TSI34D, TSI36C, TSI33D",
227,Use a cabeça! Programação,"BARRY, Paul; GRIFFITHS, David ","Alta Books, 2010",404,16,005.26 B281u,,,
228,Use a cabeça! SQL,"BEIGHLEY, Lynn ","Rio de Janeiro, RJ: Alta Books, 2008",454,5,005.133 B422uc,,"TSI34A, TSI33A",
229,Use a cabeça! Análise de dados,"MILTON, Michael ","Alta Books, 2010",440,9,005.757 M662u,,,
230,Use a cabeça! HTML com CSS e XHTML ,"FREEMAN, Elisabeth; FREEMAN, Eric ","Alta Books, c2008",580,4,005.133 F855u,TSI31C,TSI33C,
231,Use a cabeça! Java ,"SIERRA, Kathy; BATES, Bert ","Alta Books, 2007",470,5,005.133 S571u,"TSI34B, TSI33B",,
232,Use a cabeça! Servlets & JSP TM,"BASHAM, Bryan; SIERRA, Kathy; BATES, Bert","2. ed. Rio de Janeiro, RJ: Alta Books, c2008. xxxii",879,5,005.133 B299u,,,
233,Use a cabeça! Web design ,"WATRALL, Ethan; SIARTO, Jeff ","Alta Books, 2009. xxxii",472,5,005.133 W334u,,,
234,Use a cabeça! Ajax profissional ,"RIORDAN, Rebecca M ","Alta Books, 2009",497,2,005.133 R585u,,"TSI34C, TSI32C",
235,Utilizando UML e padrões: uma introdução à análise e ao projeto orientados a objetos e ao desenvolvimento iterativo ,"LARMAN, Craig ","Bookman, 2007",695,3,005.117 L324u,,"TSI34D, TSI36C, TSI32A, TSI33D",
236,VHDL: descrição e síntese de circuitos digitais ,"D'AMORE, Roberto ","LTC, 2005",259,6,004.22 D164v,,,
237,Visual basic .NET: como programar,"DEITEL, Harvey M.; DEITEL, Paul J.; NIETO, T. R.","São Paulo: Pearson Education do Brasil, c2004",1088,2,005.133 D325v,,"TSI34B, TSI34C, TSI33B",
238,Web interativa com Ajax e PHP ,"NIEDERAUER, Juliano ","Novatec, 2007",287,1,005.2762 N666w,,TSI33C,
239,Zend Framework: componentes poderosos do PHP ,"LISBOA, Flávio Gomes da Silva ","Novatec, 2009",352,1,005.12 L769c,,TSI33C,